Source,Dalba et al. 2024,Gajdoš et al. 2019,Berger et al. 2018,Holczer et al. 2016,Morton et al. 2016,Fulton & Petigura 2018,Q1-Q17 DR25 Supplemental KOI Table,Q1-Q17 DR25 KOI Table,Q1-Q17 DR24 KOI Table,Q1-Q16 KOI Table,Q1-Q12 KOI Table,Q1-Q8 KOI Table
P (days),4.0304670±0.0000018,4.0304695405±0.0000009686,---,4.03046931±0.00000037,4.030468037±1.642e-06,4.030468037±0.000001642,4.030466786±1.574e-06,4.030466786±1.574e-06,4.030468037±1.642e-06,4.030468037±1.642e-06,4.030468037±1.642e-06,4.0304645±6.2e-06
a (au),0.04766 +0.00081 -0.00065,---,---,---,---,0.04767±0.00054,---,.0484,.0488,.0488,.0488,.046
Rp (R⨁),4.74 +0.18 -0.12,---,4.574 +0.232 -0.209,---,4.63 +0.13 -0.18,4.653±0.171,---,4.48  +0.42 -0.21,4.86  +1.89 -0.41,4.86  +1.89 -0.41,4.86  +1.89 -0.41,4.6±3.9
Rp (RJup),0.423 +0.016 -0.011,---,0.4081 +0.0207 -0.0186,---,0.413 +0.012 -0.016,0.4151±0.0153,---,0.400 +0.037 -0.019,0.434 +0.169 -0.037,0.434 +0.169 -0.037,0.434 +0.169 -0.037,0.410 +0.348 -0.348
Mp (M⨁),<116,---,---,---,---,---,---,---,---,---,---,---
Mp (MJup),<0.365,---,---,---,---,---,---,---,---,---,---,---
e,---,---,---,---,---,---,---,0,0,0,0,0
S (S⨁),235 +16 -15,---,210.014 +10.524 -9.930,---,---,210.9±17.5,---,209.11  +61.29 -33.65,288.38  +343.61 -73.70,288.38  +343.61 -73.70,288.38  +343.61 -73.70,---
Teq (K),1089±19,---,---,---,---,---,---,970,1051,1051,1051,987
i (deg),88.94 +0.67 -0.60,---,---,---,---,---,---,89.84,88.24,88.24,88.24,85.94
TC (days),2455004.09212±0.00038 (BJD-TDB),2455004.09105000±0.00016973 (BJD),---,2454967.817997±0.000317 (BJD),2455004.092197±0.000317 (JD),---,2455004.092±0.000301 (BJD),2455004.092±0.000301 (BJD),2455004.092±0.000317 (BJD),2455004.092±0.000317 (BJD),2455004.092±0.000317 (BJD),2455004.09137±0.00044 (BJD)
b,0.21 +0.11 -0.13,---,---,---,---,---,---,0.033  +0.283 -0.033,0.3527  +0.1269 -0.2741,0.3527  +0.1269 -0.2741,0.3527  +0.1269 -0.2741,0.651±0.1
δ (%),0.2331 +0.0049 -0.0038,---,---,0.3053,---,---,---,0.29083±0.00148,0.29912±0.00158,0.29912±0.00158,0.29912±0.00158,0.28110
T14 (hours),2.7761±0.0170,---,---,3.0186,2.8016±0.0234,---,---,2.7734±0.0149,2.8016±0.0234,2.8016±0.0234,2.8016±0.0234,2.8711
a/R✶,11.40 +0.21 -0.33,---,---,---,---,---,---,11.645±0.273,10.88±2.2,10.88±2.2,10.88±2.2,8.88±0.57
Rp/R✶,0.04828 +0.00051 -0.00040,---,---,---,0.049505  +0.000241 -0.001344,0.049505 +0.000241 -0.001344,---,0.048052  +0.00073 -0.000195,0.049505  +0.000241 -0.001344,0.049505  +0.000241 -0.001344,0.049505  +0.000241 -0.001344,0.05099±0.00039
K (m/s),<49,---,---,---,---,---,---,---,---,---,---,---
