Source,Dalba et al. 2024,Gajdoš et al. 2019,Berger et al. 2018,Morton et al. 2016,Fulton & Petigura 2018,Q1-Q17 DR25 Supplemental KOI Table,Q1-Q17 DR25 KOI Table,Q1-Q17 DR24 KOI Table,Q1-Q16 KOI Table,Q1-Q12 KOI Table,Q1-Q8 KOI Table
P (days),328.24017 +0.00039 -0.00040,328.2399636870±0.0003047389,---,328.2399546±0.0003646,328.239954600±0.000364600,328.240201±0.0003583,328.240201±0.0003583,328.2399546±0.0003646,328.2399546±0.0003646,328.2399546±0.0003646,328.2402±0.0017
a (au),0.898 +0.015 -0.012,---,---,---,0.89585±0.01000,---,.9084,.9166,.9166,.9166,.859
Rp (R⨁),11.58 +0.36 -0.28,---,11.220 +0.544 -0.514,11.20 +0.32 -0.31,11.333±0.382,---,10.99  +1.03 -0.51,11.83  +4.61 -1,11.83  +4.61 -1,11.83  +4.61 -1,10.7±9
Rp (RJup),1.033 +0.032 -0.025,---,1.0010 +0.0485 -0.0459,0.9992 +0.0285 -0.0277,1.0111±0.0341,---,0.980 +0.092 -0.045,1.055 +0.411 -0.089,1.055 +0.411 -0.089,1.055 +0.411 -0.089,0.955 +0.803 -0.803
Mp (M⨁),2129 +140 -137,---,---,---,---,---,---,---,---,---,---
Mp (MJup),6.70 +0.44 -0.43,---,---,---,---,---,---,---,---,---,---
ρ (g/cm3),7.53 +0.65 -0.74,---,---,---,---,---,---,---,---,---,---
e,0.346 +0.020 -0.024,---,---,---,---,---,0,0,0,0,0
S (S⨁),0.589 +0.046 -0.042,---,0.596 +0.030 -0.028,---,0.6±0.1,---,0.59  +0.18 -0.09,0.82  +0.97 -0.21,0.82  +0.97 -0.21,0.82  +0.97 -0.21,---
Teq (K),251.0±4.3,---,---,---,---,---,224,242,242,242,228
i (deg),89.8314 +0.0054 -0.0092,---,---,---,---,---,89.75,89.95,89.95,89.95,89.95
TC (days),2455032.1977±0.0010 (BJD-TDB),2455032.20372000±0.00074698 (BJD),---,2455032.204142±0.000855 (JD),---,2455032.203±0.000858 (BJD),2455032.203±0.000858 (BJD),2455032.204±0.000855 (BJD),2455032.204±0.000855 (BJD),2455032.204±0.000855 (BJD),2455032.2029±0.0012 (BJD)
b,0.751 +0.010 -0.012,---,---,---,---,---,0.75  +0.006 -0.011,0.7508  +0.0078 -0.0103,0.7508  +0.0078 -0.0103,0.7508  +0.0078 -0.0103,0.772±0.1
δ (%),1.387 +0.016 -0.017,---,---,---,---,---,1.38886±0.00522,1.43362 +0.00540 -0.00540,1.43362 +0.00540 -0.00540,1.43362 +0.00540 -0.00540,1.33320
T14 (hours),12.25±0.07,---,---,12.1271±0.0668,---,---,12.2726±0.0671,12.1271±0.0668,12.1271±0.0668,12.1271±0.0668,12.1363
a/R✶,214.8 +3.9 -6.3,---,---,---,---,---,169.35±6.6,172±6.9,172±6.9,172±6.9,167±11
Rp/R✶,0.11778 +0.00067 -0.00074,---,---,0.12054  +0.000549 -0.000801,0.120540 +0.000549 -0.000801,---,0.117884  +0.000506 -0.000636,0.12054  +0.000549 -0.000801,0.12054  +0.000549 -0.000801,0.12054  +0.000549 -0.000801,0.1173±0.001
Tp (days),2454935.8 +4.2 -4.0 (BJD-TDB),---,---,---,---,---,---,---,---,---,---
ω (deg),-48.2 +3.6 -3.0,---,---,---,---,---,---,---,---,---,---
K (m/s),226±13,---,---,---,---,---,---,---,---,---,---
